cinema_name,cinema_addr,file,cinema_phone
大观楼电影院,西城区前门大街大栅栏街36号,"少年的你,我和我的祖国,中国机长,催眠·裁决,终结者：黑暗命运,天气之子,小巷管家",010-63083312/63030878
百誉朗克影城,朝阳区林萃西里16号楼华创生活广场F1层,"少年的你,催眠·裁决,天气之子,终结者：黑暗命运,我和我的祖国,中国机长,沉睡魔咒2,双子杀手,天作谜案,攀登者,犯罪现场,航海王：狂热行动,开国大典,三傻闹地球",010-57761726
百丽宫影城（国贸店）,朝阳区建国门外大街1号国贸商城北区B1层B120,"少年的你,双子杀手,催眠·裁决,沉睡魔咒2,天作谜案,中国机长,航海王：狂热行动,探险旅行,无限想象,她们,往事之路,极限挑战,平行世界",010-85351808
青春光线电影院,东城区滨河路乙1号雍和航星园74-76号楼,"少年的你,我和我的祖国,天气之子,小巷管家,双子杀手,终结者：黑暗命运",010-64142287
门头沟影剧院,门头沟区门头沟城区新桥大街12号,"小巷管家,我和我的祖国,决胜时刻,中国机长,攀登者",010-69842686
卢米埃影城（芳草地店）,朝阳区东大桥路9号侨福芳草地购物中心LG2-26（尚都SOHO对面）,"少年的你,沉睡魔咒2,终结者：黑暗命运,双子杀手,小巷管家,天气之子,航海王：狂热行动,犯罪现场,中国机长,我和我的祖国",010-56907679
百尚影城,通州区马驹桥镇百尚生活广场3楼,"少年的你,中国机长,攀登者,催眠·裁决,小巷管家,我和我的祖国",15311968955
良乡影剧院,房山区良乡拱辰大街31号,"决胜时刻,小巷管家,少年的你,受益人,中国机长,天气之子,宠物联盟",010-69352415/69353905
SFC上影影城（北京房山店）,房山区黄辛庄路口绿地缤纷城3层,"少年的你,攀登者,终结者：黑暗命运,天气之子,受益人,沉睡魔咒2,小巷管家,中国机长,催眠·裁决,我和我的祖国,航海王：狂热行动,太阳升起的时刻,决胜时刻,双子杀手,天作谜案",010-52802645/010-52802646
大地影院（大红门合生广场店）,丰台区果园8号楼合生广场6层地铁八号线木樨园站C口（西南口）出直行过桥，右转合生广场六层，3号，7号直梯可直达,"少年的你,沉睡魔咒2,催眠·裁决,中国机长,双子杀手,航海王：狂热行动,我和我的祖国,天作谜案,道具师",010-87882365
CGV影城（亦庄店）,大兴区经济技术开发区荣京东街大族广场S3三层,"少年的你,沉睡魔咒2,小巷管家,双子杀手,天气之子,中国机长,我和我的祖国,航海王：狂热行动,三傻闹地球,催眠·裁决,天作谜案",010-67896008
大地影院（通州米拉家园店）,通州区马驹桥新海东路1号（豪润生活广场7层）,"少年的你,中国机长,终结者：黑暗命运,天气之子,催眠·裁决,航海王：狂热行动,双子杀手,沉睡魔咒2,天作谜案,三傻闹地球,道具师",010-80897926
UME国际影城（安贞店）,东城区北三环东路36号环球贸易中心E座1层,"少年的你,中国机长,我和我的祖国,沉睡魔咒2,双子杀手,攀登者,催眠·裁决,小巷管家,决胜时刻,雪人奇缘,航海王：狂热行动,天作谜案",010-58257733
中影星美国际影城（耳东）世贸天阶店,朝阳区光华路9号世贸天阶商业南街B1层,"少年的你,中国机长,我和我的祖国,催眠·裁决,天作谜案,航海王：狂热行动,太阳升起的时刻,终结者：黑暗命运",010-52061071
金逸影城（双桥店）,朝阳区双桥路3号东星时尚广场5层（近永辉超市）,"少年的你,我和我的祖国,终结者：黑暗命运,中国机长,天气之子,双子杀手,航海王：狂热行动,决胜时刻,攀登者,沉睡魔咒2,开国大典,催眠·裁决,太阳升起的时刻,小巷管家",010-59769806
唐阁影城（亦庄店）,大兴区经济技术开发区荣华中路8号院华联力宝购物中心四层,"少年的你,沉睡魔咒2,天气之子,中国机长,催眠·裁决,攀登者,雪人奇缘,我和我的祖国,航海王：狂热行动,天作谜案,三傻闹地球,小巷管家,双子杀手",17710413583
华谊兄弟影院（IMAX洋桥店）,丰台区马家堡东路101号院10号银泰百货6层地铁10号线角门东站D口,"少年的你,中国机长,终结者：黑暗命运,天气之子,受益人,催眠·裁决,我和我的祖国,攀登者,航海王：狂热行动,犯罪现场,沉睡魔咒2,天作谜案,小巷管家,双子杀手,道具师,决胜时刻,为国而歌",010-56530888
百丽宫影城（金宝汇店）,东城区金宝街88号金宝汇购物中心一期7层,"少年的你,双子杀手,沉睡魔咒2,中国机长,我和我的祖国,航海王：狂热行动,催眠·裁决,小巷管家",010-85221977
万达影城（石景山店）,石景山区石景山路乙18号万达广场娱乐楼4楼,"少年的你,中国机长,航海王：狂热行动,我和我的祖国,双子杀手,沉睡魔咒2,小巷管家,天作谜案,攀登者,催眠·裁决",400-609-0090
大兴影剧院,大兴区黄村西大街15号,"小巷管家,中国机长,少年的你,我和我的祖国",010-69252566
大地影院（垡头永辉店）,朝阳区南杨庄路与武基街交叉口西南方向50米路南（垡头永辉超市，翠城馨园401号楼地下一层）,"少年的你,沉睡魔咒2,终结者：黑暗命运,天气之子,中国机长,航海王：狂热行动,催眠·裁决,受益人,我和我的祖国,双子杀手,小巷管家",010-56350596
金泉港IMAX国际影城,朝阳区大屯里金泉购物中心318号楼4层,"少年的你,双子杀手,沉睡魔咒2,催眠·裁决,我和我的祖国,中国机长,航海王：狂热行动,雪人奇缘,犯罪现场,终结者：黑暗命运,天作谜案,小巷管家,天气之子,决胜时刻,道具师",010-59655857
保利国际影城（凯德MALL·大峡谷店）,丰台区南三环西路16号凯德大峡谷购物中心5楼,"少年的你,沉睡魔咒2,天气之子,中国机长,催眠·裁决,双子杀手,攀登者,航海王：狂热行动,决胜时刻,我和我的祖国,小巷管家",010-87578529
金鸡百花影城,朝阳区北三环东路22号（和平东桥，和平东街，樱花东街）,"少年的你,中国机长,小巷管家,我和我的祖国,天作谜案,天气之子,沉睡魔咒2,攀登者,双子杀手,催眠·裁决,终结者：黑暗命运",010-64203483/64212040
环球国际影城（北京房山店）,房山区兴房大街38号华冠欢乐城四楼,"少年的你,沉睡魔咒2,天气之子,小巷管家,决胜时刻,中国机长,我和我的祖国,航海王：狂热行动,催眠·裁决,天作谜案,犯罪现场",010-61375512
华夏天合国际影城,通州区台湖镇定海园二里15号楼新城商厦4层,"少年的你,催眠·裁决,天气之子,航海王：狂热行动,沉睡魔咒2,中国机长",010-68868858
耀莱成龙影城（马连道店）,西城区马连道路25号新年华生活购物广场5层,"少年的你,中国机长,沉睡魔咒2,天气之子,受益人,小巷管家,我和我的祖国,天作谜案,催眠·裁决,太阳升起的时刻,双子杀手,攀登者,航海王：狂热行动,决胜时刻",010-63252722-8005
百老汇影城（东方广场店）,东城区东长安街1号东方新天地LG层第五区,"少年的你,沉睡魔咒2,天气之子,双子杀手,终结者：黑暗命运,我和我的祖国,催眠·裁决,中国机长,航海王：狂热行动,天作谜案,攀登者",010-85186820
幸福蓝海国际影城（北京房山店）,房山区广阳新路9号院1号楼中粮万科半岛购物广场3层,"少年的你,双子杀手,终结者：黑暗命运,天气之子,中国机长,沉睡魔咒2,天作谜案,攀登者,决胜时刻,我和我的祖国,犯罪现场,航海王：狂热行动,为国而歌,催眠·裁决,三傻闹地球,小巷管家",010-50923706
搜秀影城,东城区崇外大街40号搜秀城9层,"少年的你,中国机长,沉睡魔咒2,双子杀手,催眠·裁决,航海王：狂热行动,我和我的祖国,小巷管家,天作谜案,终结者：黑暗命运",010-51671298/51671299
中影国际影城（丰台千禧街店）,丰台区靛场路千禧商业街4号楼,"少年的你,双子杀手,沉睡魔咒2,航海王：狂热行动,中国机长,天气之子,我和我的祖国,催眠·裁决,小巷管家,攀登者,天作谜案,犯罪现场,太阳升起的时刻,雪人奇缘",010-88177970
CGV影城（顺义店）,顺义区新顺南大街8号华联购物中心4层,"少年的你,沉睡魔咒2,催眠·裁决,天气之子,中国机长,航海王：狂热行动,双子杀手,小巷管家,我和我的祖国,攀登者,天作谜案,犯罪现场",010-61490988
首都电影院（西单店）,西城区西单北大街131号大悦城10楼（近西单苹果店）,"少年的你,双子杀手,中国机长,我和我的祖国,沉睡魔咒2,航海王：狂热行动,开国大典,决胜时刻,攀登者,催眠·裁决,天作谜案,罗小黑战记,风雨同仁堂,犯罪现场",010-66086662
UME国际影城（双井店）,朝阳区东三环中路65号富力广场北区5层,"少年的你,我和我的祖国,沉睡魔咒2,小巷管家,中国机长,双子杀手,催眠·裁决,天气之子,六欲天,航海王：狂热行动,决胜时刻,攀登者,犯罪现场,天作谜案,三傻闹地球,雪人奇缘",010-59037171/59037373
艾米·1895电影街,朝阳区工体北路13号世茂工三3楼，艾米·1895电影街（三里屯商圈）,"少年的你,沉睡魔咒2,天气之子,终结者：黑暗命运,催眠·裁决",010-64160922/15210267622
泰禾影城（立水桥店）,朝阳区安立路3号1幢1层106,"少年的你,中国机长,天气之子,受益人,双子杀手,沉睡魔咒2,终结者：黑暗命运,催眠·裁决,航海王：狂热行动,我和我的祖国,天作谜案,攀登者,三傻闹地球,小巷管家",010-84818788
百老汇影城（国瑞购物中心店）,东城区崇文门外大街18号国瑞城购物中心首层/-2层,"少年的你,双子杀手,沉睡魔咒2,中国机长,我和我的祖国,催眠·裁决,攀登者,犯罪现场,航海王：狂热行动,天作谜案",010-67122828
新影联东环影城,东城区朝阳区东中街9号东环广场B座B1楼,"少年的你,小巷管家,受益人,催眠·裁决,我和我的祖国,中国机长,双子杀手,攀登者,打过长江去,风雨同仁堂,决胜时刻",010-64185949
大地影院（顺义隆华购物中心店）,顺义区新顺南大街11号隆华购物中心6F,"少年的你,沉睡魔咒2,终结者：黑暗命运,中国机长,双子杀手,天气之子,催眠·裁决,我和我的祖国,航海王：狂热行动,三傻闹地球,小巷管家,道具师",010-89472732
耀莱成龙影城（临河里店）,通州区临河里33号楼华业玫瑰商业中心D2号楼三层,"少年的你,小巷管家,天气之子,受益人,中国机长,攀登者,我和我的祖国,沉睡魔咒2,太阳升起的时刻,犯罪现场,决胜时刻,天作谜案,双子杀手,道具师,六欲天",010-81588918
新影联·华谊兄弟影院（望京店）,朝阳区广顺北大街16号望京华彩商业中心B1a,"少年的你,我和我的祖国,沉睡魔咒2,天气之子,中国机长,双子杀手,催眠·裁决,攀登者,犯罪现场,航海王：狂热行动,天作谜案,小巷管家,六欲天",18810211987
CGV星星影城（颐堤港店）,朝阳区酒仙桥路18号颐堤港4层（将台地铁站）,"少年的你,沉睡魔咒2,终结者：黑暗命运,催眠·裁决,双子杀手,天气之子,我和我的祖国,中国机长,航海王：狂热行动,天作谜案,小巷管家",010-84260800/18518524233
美嘉欢乐影城（中关村店）,海淀区中关村大街15号中关村广场购物中心津乐汇3楼（地铁中关村站D口出西侧）,"少年的你,双子杀手,天气之子,沉睡魔咒2,终结者：黑暗命运,我和我的祖国,催眠·裁决,天作谜案,中国机长,航海王：狂热行动,太阳升起的时刻",010-53657889/53657890
中国木偶艺术剧院,朝阳区安华西里甲1号,"少年的你,小巷管家,航海王：狂热行动",010-64248998
星环影城（立水桥店）,朝阳区立汤路201号东亚奥北南区北门一楼（华泰汽车斜对面，立水桥地铁A口北行150米）,"少年的你,中国机长,我和我的祖国,航海王：狂热行动,沉睡魔咒2,催眠·裁决,双子杀手",010-64127668
耀莱成龙影城（西红门店）,大兴区欣旺北大街8号鸿坤广场6层（地铁4号线西红门站Ｂ口向东４００米路北）,"少年的你,中国机长,天气之子,沉睡魔咒2,受益人,我和我的祖国,航海王：狂热行动,攀登者,双子杀手,天作谜案,太阳升起的时刻,三傻闹地球,小巷管家,六欲天",010-80255335
北京东融国际影城（西直河店）,朝阳区西直河商业广场华联购物广场1楼,"少年的你,沉睡魔咒2,终结者：黑暗命运,天气之子,受益人,中国机长,我和我的祖国,催眠·裁决,航海王：狂热行动,开国大典",010-87300397
耀莱成龙影城（慈云寺店）,朝阳区东四环中路58号远洋未来汇C座2层,"少年的你,双子杀手,天气之子,我和我的祖国,沉睡魔咒2,航海王：狂热行动,催眠·裁决,太阳升起的时刻,决胜时刻,中国机长,小巷管家,六欲天",010-65980898
金逸影城（荟聚IMAX店）,大兴区欣宁街15号荟聚购物中心H区3层,"少年的你,我和我的祖国,中国机长,双子杀手,沉睡魔咒2,终结者：黑暗命运,航海王：狂热行动,催眠·裁决,攀登者,犯罪现场,天气之子,太阳升起的时刻",010-60200580/60200585
首都电影院（金融街店）,西城区金城坊街2号金融街购物中心2期B1层,"少年的你,我和我的祖国,双子杀手,开国大典,中国机长,沉睡魔咒2,决胜时刻,催眠·裁决,攀登者,风雨同仁堂",13911093804
万达影城（CBD店）,朝阳区建国路93号万达广场B座3层,"少年的你,沉睡魔咒2,中国机长,双子杀手,航海王：狂热行动,决胜时刻,我和我的祖国,催眠·裁决",010-59603399
大地影院（望京新天地店）,朝阳区阜通西大街11号合生·麒麟新天地2层,"少年的你,沉睡魔咒2,终结者：黑暗命运,中国机长,催眠·裁决,我和我的祖国,航海王：狂热行动,天气之子,双子杀手,三傻闹地球,道具师,小巷管家",010-57389734
星美国际影商城（分钟寺店）,丰台区南三环东路成寿寺路2号新业广场2楼,"少年的你,我和我的祖国,中国机长",010-67698585
大地影院（延庆金锣湾店）,延庆区妫水北街39号1幢H座首楼金锣湾商业中心沃尔玛旁（金锣湾商业中心）,"少年的你,我和我的祖国,天气之子,中国机长,航海王：狂热行动,沉睡魔咒2,催眠·裁决",010-60165114
顺义影剧院,顺义区新顺北大街3号（近便民街）,"小巷管家,中国机长",010-69424348
完美世界影城（17.5比如店）,朝阳区京顺路111号比如世界购物中心1层（近太阳宫北街）,"少年的你,沉睡魔咒2,催眠·裁决,中国机长,终结者：黑暗命运,天气之子,犯罪现场,我和我的祖国,双子杀手,小巷管家",18910015905
燕山影剧院,房山区燕山岗南路3号（近燕山石化公司）,"少年的你,中国机长,我和我的祖国,沉睡魔咒2,催眠·裁决,终结者：黑暗命运,天气之子,萤火奇兵2：小虫不好惹,航海王：狂热行动,双子杀手,攀登者,小巷管家",010-69331001
海淀工人文化宫,海淀区万柳华府北街2号（万柳华联商城南门对面）,"小巷管家,中国机长,受益人,我和我的祖国,少年的你,决胜时刻,攀登者,沉睡魔咒2,天作谜案,双子杀手,零零后",010-82568302
天幕新彩云国际影城,海淀区北三环中路中视云投大厦（北太平桥西远望楼宾馆中央新影集团）,"少年的你,我和我的祖国,受益人,天气之子,双子杀手,沉睡魔咒2,催眠·裁决,航海王：狂热行动,天作谜案,终结者：黑暗命运,中国机长,小巷管家,道具师,决胜时刻",010-58092222/58092178
博纳国际影城（通州北苑店）,通州区杨庄北里52号华联天时名苑购物中心4楼（近通州北苑地铁站）,"少年的你,中国机长,航海王：狂热行动,决胜时刻,沉睡魔咒2,双子杀手,我和我的祖国,攀登者,催眠·裁决,小巷管家",010-56351906
传奇奢华影城,东城区东打磨厂街7号新活馆B1层,"我和我的祖国,中国机长,攀登者,雪人奇缘,小巷管家,决胜时刻",010-67086545
平谷区影剧院,平谷区府前街3号,"决胜时刻,小巷管家,我和我的祖国,中国机长,双子杀手,少年的你,雪人奇缘,终结者：黑暗命运,天气之子",010-69962434
耀莱成龙影城（温泉镇店）,海淀区温泉镇北部文化中心D座,"少年的你,中国机长,沉睡魔咒2,催眠·裁决,小巷管家,我和我的祖国,双子杀手,航海王：狂热行动,天气之子,攀登者,太阳升起的时刻,决胜时刻,天作谜案,六欲天",010-62452939
沃美影城（常营店）,朝阳区朝阳北路17号华联购物中心西区4层,"少年的你,中国机长,双子杀手,天气之子,催眠·裁决,我和我的祖国,沉睡魔咒2,天作谜案,小巷管家,决胜时刻,终结者：黑暗命运",010-56857007
嘉华国际影城（活力东方店）,朝阳区姚家园路甲1号活力东方奥特莱斯购物中心4楼（姚家园）,"少年的你,双子杀手,天气之子,终结者：黑暗命运,中国机长,我和我的祖国,沉睡魔咒2,攀登者,受益人,太阳升起的时刻,小巷管家,航海王：狂热行动,天作谜案,决胜时刻,犯罪现场,催眠·裁决,道具师",010-51193399
保利国际影城（龙旗广场店）,昌平区黄平路19号院3号楼龙旗广场购物中心3层（地铁8号线育新站路北600米，近永辉超市）,"少年的你,沉睡魔咒2,天气之子,双子杀手,催眠·裁决,中国机长,航海王：狂热行动,攀登者,小巷管家,犯罪现场,零零后",010-82694321
米高MG影城,朝阳区工体北路21号永利国际购物中心B1,"少年的你,沉睡魔咒2,终结者：黑暗命运,天气之子,中国机长,催眠·裁决,小巷管家,我和我的祖国,航海王：狂热行动,开国大典",010-58010588
耀莱成龙影城（五棵松店）,海淀区复兴路69号蓝色港湾购物中心北区5层,"少年的你,中国机长,沉睡魔咒2,双子杀手,催眠·裁决,我和我的祖国,天气之子,受益人,天作谜案,攀登者,太阳升起的时刻,小巷管家,航海王：狂热行动,六欲天",010-68189979
百老汇影城（apm购物中心店）,东城区王府井大街138号北京apm6层,"少年的你,沉睡魔咒2,双子杀手,催眠·裁决,中国机长,航海王：狂热行动,我和我的祖国",010-65281898
K酷国际影城,朝阳区北苑路42号卜峰莲花超市4楼（K酷时尚广场）,"少年的你,中国机长,沉睡魔咒2,攀登者,双子杀手,我和我的祖国,催眠·裁决,小巷管家",010-84939886
万达影城（通州万达店）,通州区新华西街58号万达广场1号楼5层（厨艺宾馆对面）,"少年的你,中国机长,双子杀手,沉睡魔咒2,航海王：狂热行动,催眠·裁决,我和我的祖国,小巷管家",400-609-0090
新华国际影城（宝盛店）,海淀区宝盛北里西区28号兴美生活广场5层,"少年的你,中国机长,终结者：黑暗命运,天气之子,沉睡魔咒2,催眠·裁决,我和我的祖国,小巷管家,航海王：狂热行动,开国大典,攀登者,天作谜案,道具师",010-62904980-8011
广安门电影院,西城区白广路8号,"少年的你,中国机长,终结者：黑暗命运,小巷管家,我和我的祖国,犯罪现场,航海王：狂热行动,天作谜案,催眠·裁决,天气之子,决胜时刻,双子杀手,沉睡魔咒2,开国大典,攀登者",010-63528787
金逸影城（朝阳大悦城IMAX店）,朝阳区朝阳北路101号朝阳大悦城商场8层,"少年的你,双子杀手,沉睡魔咒2,终结者：黑暗命运,航海王：狂热行动,中国机长,天气之子,催眠·裁决,我和我的祖国,攀登者,开国大典,太阳升起的时刻,小巷管家",010-85517099
中影国际影城（昌平永旺店）,昌平区北清路1号永旺国际商城3楼,"少年的你,双子杀手,天气之子,中国机长,攀登者,我和我的祖国,沉睡魔咒2,催眠·裁决,航海王：狂热行动,小巷管家,雪人奇缘",010-88177970
中影华臣影城（石榴中心店）,丰台区榴乡路88号院石榴中心斯坦福广场B1层,"少年的你,沉睡魔咒2,天气之子,中国机长,催眠·裁决,我和我的祖国,双子杀手,航海王：狂热行动,小巷管家,决胜时刻,攀登者,雪人奇缘,天作谜案",010-56762345
金逸影城（中关村店）,海淀区中关村大街19号新中关购物中心B1层,"少年的你,中国机长,终结者：黑暗命运,沉睡魔咒2,航海王：狂热行动,催眠·裁决,天气之子,我和我的祖国,天作谜案,双子杀手,决胜时刻,开国大典,恋恋不舍,太阳升起的时刻,小巷管家",010-82486800-807
博纳国际影城（顺义店）,顺义区新顺南大街18号新世界百货七层,"少年的你,中国机长,航海王：狂热行动,小巷管家,我和我的祖国,沉睡魔咒2,双子杀手,决胜时刻,攀登者,三傻闹地球,雪人奇缘,终结者：黑暗命运",010-60406018/60406016
华美国际影城,大兴区旧宫小红门路39号,"少年的你,沉睡魔咒2,天气之子,终结者：黑暗命运,受益人,催眠·裁决,中国机长,航海王：狂热行动,天作谜案,道具师,双子杀手,攀登者,我和我的祖国,雪人奇缘,犯罪现场,三傻闹地球,小巷管家",010-58310538-804/010-58310538-818
保利国际影城（中国科技馆店）,朝阳区北辰东路5号（鸟巢正北一公里）,"少年的你,航海王：狂热行动,双子杀手,沉睡魔咒2,终结者：黑暗命运,天气之子",010-59041542/59041543
IDA传奇影城（怀柔店）,怀柔区青春路15号四层,"少年的你,沉睡魔咒2,中国机长,航海王：狂热行动,催眠·裁决,攀登者,我和我的祖国,天作谜案,天气之子",010-69627035
幸福蓝海影城（门头沟店）,门头沟区永定镇冯村华润购物中心2层,"少年的你,催眠·裁决,中国机长,沉睡魔咒2,双子杀手,航海王：狂热行动,我和我的祖国,攀登者",010-69806180/69806280-819/69806280-811
太平洋影城（北京中关村店）,海淀区融科资讯中心B座-1-2,"少年的你,双子杀手,天气之子,终结者：黑暗命运,航海王：狂热行动,天作谜案,催眠·裁决,中国机长,我和我的祖国,沉睡魔咒2,萤火奇兵2：小虫不好惹,攀登者",010-62508172
奥兰环球影城（望京店）,朝阳区来广营西路5号院诚盈中心商业街,"少年的你,沉睡魔咒2,中国机长,催眠·裁决,双子杀手,攀登者,航海王：狂热行动,我和我的祖国,天作谜案,天气之子,罗小黑战记,犯罪现场,决胜时刻,雪人奇缘,丑娃娃,小巷管家,终结者：黑暗命运",010-52622339
东宫影剧院,东城区隆福寺街47号东四工人文化宫,"少年的你,中国机长,天作谜案,我和我的祖国,催眠·裁决,决胜时刻,小巷管家",010-84014225
地质礼堂,西城区西四羊肉胡同30号（中国地质博物馆南侧）,"中国机长,决胜时刻,小巷管家,我和我的祖国,攀登者,少年的你,催眠·裁决,烈火英雄,风雨同仁堂",010-66168376/66510643/66178928
保利国际影城（天安门店）,西城区煤市街廊房头条交叉口东北角北京坊东区B1-B2层,"少年的你,沉睡魔咒2,我和我的祖国,双子杀手,天气之子,中国机长,催眠·裁决,航海王：狂热行动,爱在零纬度,宠物联盟,古田军号,决胜时刻,小巷管家",010-63015188
最影城,大兴区兴华大街百联清城购物中心3层北侧,"少年的你,中国机长,沉睡魔咒2,航海王：狂热行动,我和我的祖国,攀登者",010-69266605
恒业影城北京IMAX店,丰台区万丰路（地铁9号线、10号线六里桥站）银座和谐广场购物中心5F,"少年的你,沉睡魔咒2,终结者：黑暗命运,天气之子,中国机长,双子杀手,我和我的祖国,催眠·裁决,小巷管家,决胜时刻,攀登者,天作谜案",010-63268070-807
正华影城,丰台区宋家庄顺八条4号政馨园三区5号楼底商正华商城地下一层（宋家庄地铁B出口）,"少年的你,沉睡魔咒2,天气之子,中国机长,航海王：狂热行动,终结者：黑暗命运,受益人,攀登者,双子杀手,催眠·裁决,天作谜案,道具师,我和我的祖国,雪人奇缘,开国大典,小巷管家",010-87688666
中影国际影城小西天中国巨幕头等舱,海淀区新街口外大街25号（小西天牌楼北侧）,"少年的你,中国机长,沉睡魔咒2,双子杀手,天气之子,我和我的祖国,攀登者,航海王：狂热行动,催眠·裁决,小巷管家,决胜时刻",010-62215069
万达影城（龙德广场店）,昌平区立汤路186号龙德广场5层,"少年的你,中国机长,沉睡魔咒2,我和我的祖国,双子杀手,航海王：狂热行动,催眠·裁决,天作谜案",400-609-0090
中国电影博物馆,朝阳区南影路9号,"中国机长,决胜时刻,我和我的祖国,攀登者,双子杀手,航海王：狂热行动,沉睡魔咒2,侠路相逢,开国大典,为国而歌,我在耀瓷小镇等你,红色之子·单刀赴会,少年的你,小巷管家,六欲天",010-84355959/51654567
万达影城（望京保利光魔店）,朝阳区望京阜通西大街新荟城购物中心五层（近橄榄城）,"少年的你,沉睡魔咒2,中国机长,我和我的祖国,小巷管家,双子杀手,航海王：狂热行动,催眠·裁决",010-64139608/64139618
横店电影城（王府井店）,东城区王府井大街255号北京市百货大楼北馆8层,"少年的你,沉睡魔咒2,天气之子,终结者：黑暗命运,我和我的祖国,中国机长,双子杀手,小巷管家,航海王：狂热行动,催眠·裁决,罗小黑战记,决胜时刻,受益人",010-65231588
莱纳恒泰影城,丰台区丰台北路18号（地铁10号线、14号线西局站）恒泰广场E座6层,"少年的你,双子杀手,终结者：黑暗命运,沉睡魔咒2,天气之子,中国机长,受益人,我和我的祖国,航海王：狂热行动,小巷管家,三傻闹地球",010-63836886
保利国际影城（东坝店）,朝阳区东坝中路38号金隅嘉品MALL5层,"少年的你,中国机长,终结者：黑暗命运,沉睡魔咒2,航海王：狂热行动,天气之子,我和我的祖国,双子杀手,催眠·裁决,小巷管家,决胜时刻,攀登者,天作谜案",010-65771288
北京剧院,朝阳区安慧里三区10号（近慧忠路）,"催眠·裁决,我和我的祖国,受益人,小巷管家,中国机长,双子杀手,天作谜案,航海王：狂热行动,少年的你,古田军号,红星照耀中国,零零后,决胜时刻,攀登者,萤火奇兵2：小虫不好惹",010-64975575
首都电影院（中华店）,西城区天桥南大街3号楼一层、二层,"少年的你,我和我的祖国,双子杀手,开国大典,沉睡魔咒2,决胜时刻,中国机长,催眠·裁决,小巷管家,风雨同仁堂",010-56928100
大地影院（十里河铭泽店）,朝阳区西大望南路与弘燕南一路交叉口铭泽生活广场5层,"少年的你,中国机长,终结者：黑暗命运,沉睡魔咒2,天气之子,犯罪现场,催眠·裁决,航海王：狂热行动,受益人,我和我的祖国,道具师,我的拳王男友",010-87156707
橙天嘉禾影城（吉彩店）,海淀区玉海园五里22号配套商业楼（原吉彩体育馆）,"少年的你,中国机长,终结者：黑暗命运,沉睡魔咒2,天气之子,双子杀手,催眠·裁决,小巷管家,我和我的祖国,犯罪现场,航海王：狂热行动,三傻闹地球",010-88268200
中影国际影城（丰台永旺店）,丰台区丰葆路永旺梦乐城4层,"少年的你,双子杀手,天气之子,中国机长,攀登者,沉睡魔咒2,催眠·裁决,我和我的祖国,航海王：狂热行动,雪人奇缘,天作谜案,小巷管家",010-88177970
万达影城（丰台店）,丰台区丰科路6号万达广场6层,"少年的你,沉睡魔咒2,中国机长,双子杀手,我和我的祖国,航海王：狂热行动,天作谜案,催眠·裁决",010-83890606-820/18515925822
万达影城（西铁营万达广场店）,丰台区西铁营中路1号万达广场七层万达影城,"少年的你,中国机长,沉睡魔咒2,双子杀手,我和我的祖国,催眠·裁决,攀登者,犯罪现场,航海王：狂热行动,小巷管家",010-59603399
万达影城（怀柔万达广场店）,怀柔区府前西街1号院1号楼万达广场7层,"少年的你,中国机长,沉睡魔咒2,双子杀手,决胜时刻,我和我的祖国,催眠·裁决",010-69603939
熙旺国际影城,门头沟区双峪路35号熙旺生活广场B座6层（物美大卖场楼上）,"少年的你,催眠·裁决,天气之子,我和我的祖国,中国机长,沉睡魔咒2,航海王：狂热行动,小巷管家",010-69862078
橙天嘉禾影城（祥云店）,顺义区安泰大街9号院7号楼二层（祥云小镇内）,"少年的你,双子杀手,沉睡魔咒2,中国机长,天气之子,催眠·裁决,我和我的祖国,航海王：狂热行动,小巷管家",010-57648168
万达影城（房山首创奥莱店）,房山区首创奥特莱斯广场,"少年的你,中国机长,沉睡魔咒2,双子杀手,我和我的祖国,航海王：狂热行动,催眠·裁决,天作谜案,攀登者,小巷管家",18601947982
CGV影城（天宫院凯德店）,大兴区华佗路与新源大街交叉口凯德MALL6F,"少年的你,沉睡魔咒2,中国机长,双子杀手,航海王：狂热行动,催眠·裁决,终结者：黑暗命运,天气之子,攀登者,我和我的祖国,小巷管家",010-89205278
活力天宝国际影城,朝阳区祁家豁子8号健翔大厦家乐福超市B1层,"少年的你,催眠·裁决,天气之子,终结者：黑暗命运,受益人,天作谜案,犯罪现场,沉睡魔咒2,中国机长,双子杀手,航海王：狂热行动,我和我的祖国,攀登者,小巷管家,太阳升起的时刻",010-82994660
ACE影城,顺义区后沙峪安平街5号院国门一号国际馆1号楼四层ACE影城,"中国机长,我和我的祖国,少年的你,双子杀手,天气之子,航海王：狂热行动,沉睡魔咒2,攀登者,终结者：黑暗命运,犯罪现场,催眠·裁决,天作谜案,零零后,决胜时刻,雪人奇缘,急速逃脱,小巷管家",010-60407788
保利国际影城（苹果园店）,石景山区阜石路300号喜隆多三层,"小巷管家,少年的你,航海王：狂热行动,我和我的祖国,攀登者,沉睡魔咒2,天气之子,受益人,中国机长,催眠·裁决,决胜时刻,双子杀手",010-53021050
万达影城（昌平保利光魔店）,昌平区鼓楼南大街6号佳莲时代广场4楼（近鼓楼西街）,"少年的你,我和我的祖国,中国机长,沉睡魔咒2,小巷管家,攀登者,航海王：狂热行动",4000806060
三克影院（来福士店）,东城区东直门来福士购物中心5层,"少年的你,沉睡魔咒2,双子杀手,催眠·裁决",010-84080500
魔影国际影城（金源店）,海淀区远大路1号院B座五楼西侧001号（居然之家材料馆楼上）,"少年的你,催眠·裁决,天气之子,双子杀手,终结者：黑暗命运,我和我的祖国,沉睡魔咒2,中国机长,犯罪现场,航海王：狂热行动,天作谜案,决胜时刻,攀登者,雪人奇缘,小巷管家",010-88878912
乐开花影院,朝阳区东坝李家坟7号创意总社1949传媒产业基地6号楼,"双子杀手,沉睡魔咒2,天气之子,受益人,航海王：狂热行动,少年的你,攀登者,催眠·裁决,终结者：黑暗命运",010-87529515/13718750713
京南电影院,大兴区丽园路9号3层303,"少年的你,中国机长,沉睡魔咒2,小巷管家,催眠·裁决,航海王：狂热行动,天作谜案",010-69268343/69269936
元影城,朝阳区安立路28号院华创生活广场1层,"少年的你,天作谜案,终结者：黑暗命运,天气之子,催眠·裁决,中国机长,小巷管家,沉睡魔咒2,双子杀手,犯罪现场,航海王：狂热行动",010-64126331
东融国际影城（西小口店）,海淀区文龙家园四里4号楼4F-08,"少年的你,沉睡魔咒2,终结者：黑暗命运,天气之子,中国机长,受益人,我和我的祖国,航海王：狂热行动,小巷管家",010-62937490
中都影城（王府井百货右安门店）,西城区万博苑王府井购物中心五楼,"少年的你,我和我的祖国,沉睡魔咒2,中国机长,攀登者,犯罪现场,徒手攀岩,双子杀手,小巷管家,天气之子",010-83556610
东影时代影城（密云店）,密云区鼓楼南大街22号4层,"少年的你,催眠·裁决,终结者：黑暗命运,航海王：狂热行动,天气之子,沉睡魔咒2,攀登者,中国机长,三傻闹地球,我和我的祖国,犯罪现场,天作谜案,受益人,为国而歌",010-69062568
华夏影城（环宇荟店）,朝阳区安定路6号环宇荟5层（安贞门地铁站B口）,"少年的你,双子杀手,终结者：黑暗命运,天气之子,中国机长,沉睡魔咒2,受益人,我和我的祖国,决胜时刻,攀登者,催眠·裁决,天作谜案,他们已不再变老",010-87726788
唐阁影城（怀柔星东天地店）,怀柔区开放东路13号院2号楼,"少年的你,催眠·裁决,中国机长,天作谜案,沉睡魔咒2,萤火奇兵2：小虫不好惹,我和我的祖国,航海王：狂热行动,双子杀手,三傻闹地球,小巷管家,决胜时刻",010-60686280
大地院线影城（珠江摩尔店）,昌平区回龙观镇北清路1号院7号楼内7-101-26,"少年的你,沉睡魔咒2,天气之子,中国机长,终结者：黑暗命运,来者何人,天作谜案,我和我的祖国,攀登者,催眠·裁决,小巷管家,航海王：狂热行动",010-69739899
咪咚影院（良乡店）,房山区拱辰南大街7号院1号楼良辰百货4层,"少年的你,中国机长,终结者：黑暗命运,沉睡魔咒2,航海王：狂热行动,催眠·裁决,小巷管家,犯罪现场",010-56036777
华联影院（通州店）,通州区通胡大街甲3号3层03层商业3楼,"少年的你,沉睡魔咒2,天气之子,终结者：黑暗命运,受益人,中国机长,航海王：狂热行动,催眠·裁决,三傻闹地球,决胜时刻,我和我的祖国,雪人奇缘,小巷管家,攀登者",010-59747878
博纳国际影城（密云店）,密云区滨河路178号万象汇购物中心4层,"少年的你,中国机长,沉睡魔咒2,双子杀手,决胜时刻,我和我的祖国,航海王：狂热行动,催眠·裁决,小巷管家",010-53951168
大地影院（鲁能美丽汇店）,顺义区马坡镇泰和宜园1号楼-3至3层01内3层301,"少年的你,沉睡魔咒2,终结者：黑暗命运,天气之子,中国机长,航海王：狂热行动,催眠·裁决,我和我的祖国,犯罪现场,天作谜案,道具师",010-50935954
华联影院（回龙观店）,昌平区回龙观镇西大街111号三层F3-90,"少年的你,沉睡魔咒2,天气之子,终结者：黑暗命运,航海王：狂热行动,中国机长,双子杀手,小巷管家,我和我的祖国,催眠·裁决,天作谜案",010-50954999
博纳国际影城（亚运村店）,朝阳区安立路68号太阳飘亮购物中心B1层,"少年的你,中国机长,催眠·裁决,决胜时刻,我和我的祖国,沉睡魔咒2,航海王：狂热行动,双子杀手,天作谜案,小巷管家,终结者：黑暗命运,受益人",010-59856199
华联影城（肖家河店）,海淀区龙背村路99号院北京华联龙背购物中心,"少年的你,我和我的祖国,终结者：黑暗命运,天气之子,中国机长,航海王：狂热行动,沉睡魔咒2,攀登者,催眠·裁决,犯罪现场,双子杀手,天作谜案",010-59012457
奥兰环球影城（方恒购物中心二店）,朝阳区阜通东大街6号院4号楼四层4-02至4-15,"少年的你,沉睡魔咒2,天气之子,催眠·裁决,中国机长,双子杀手,终结者：黑暗命运,航海王：狂热行动,天作谜案,决胜时刻,我和我的祖国,罗小黑战记,攀登者,犯罪现场",13810327043
华联影院（公益西桥店）,丰台区城南嘉园益城园14号楼F3-40,"少年的你,催眠·裁决,天气之子,沉睡魔咒2,终结者：黑暗命运,中国机长,双子杀手,我和我的祖国,攀登者,航海王：狂热行动,天作谜案,三傻闹地球",010-87588266
奥兰环球影城（方恒购物中心一店）,朝阳区阜通东大街6号院4号楼四层4-010,"少年的你,沉睡魔咒2,天气之子,催眠·裁决,双子杀手,中国机长,天作谜案,终结者：黑暗命运,航海王：狂热行动,攀登者,罗小黑战记,我和我的祖国,决胜时刻,犯罪现场",13810327145
新影联长天影城（城市之光店）,通州区台湖镇东石东四路万科城市之光2号院11号楼-2层01号,少年的你,010-62233117
星典影城（六里桥店）,丰台区西三环南路10号月恒正大新生活广场三层,"少年的你,沉睡魔咒2,天气之子,终结者：黑暗命运,我和我的祖国,中国机长,航海王：狂热行动,天作谜案,受益人,罗小黑战记,雪人奇缘,小巷管家,双子杀手,太阳升起的时刻,催眠·裁决,三傻闹地球",010-56638890
新影联美亚东申影城,房山区学园北街26号院1号楼北京时代广场一层,"少年的你,双子杀手,天气之子,太阳升起的时刻,终结者：黑暗命运,中国机长,沉睡魔咒2,我和我的祖国,航海王：狂热行动,雪人奇缘,天作谜案,长征,攀登者,风雨同仁堂,催眠·裁决",010-51313738
星典影城（亮马桥四季店）,朝阳区亮马桥路48号四季商业中心三层,"少年的你,沉睡魔咒2,天气之子,终结者：黑暗命运,中国机长,我和我的祖国,航海王：狂热行动,受益人,雪人奇缘,双子杀手,天作谜案,小巷管家,罗小黑战记,三傻闹地球,攀登者,犯罪现场,催眠·裁决",010-50953535
新影联米瑞酷影城（昌平西关店）,昌平区西关路20号琥珀郡1号楼101室2层,"少年的你,我和我的祖国,天气之子,沉睡魔咒2,航海王：狂热行动,催眠·裁决,终结者：黑暗命运,中国机长,小巷管家,攀登者,受益人",010-56337544
晟嘉国际影城（新华百货店）,西城区新街口北大街1号新华百货5层,"少年的你,中国机长,终结者：黑暗命运,天气之子,我和我的祖国,沉睡魔咒2,航海王：狂热行动,催眠·裁决,双子杀手,萤火奇兵2：小虫不好惹,受益人,决胜时刻,攀登者,雪人奇缘,犯罪现场,天作谜案,小巷管家,宠物联盟,昆虫总动员2-来自远方的后援军,徒手攀岩,巨鳄风暴,为国而歌,三傻闹地球",010-62210770
晟嘉国际影城（月坛万方店）,西城区月坛南街30号万方西单商场,"少年的你,催眠·裁决,终结者：黑暗命运,天气之子,我和我的祖国,双子杀手,受益人,沉睡魔咒2,中国机长,攀登者,航海王：狂热行动,天作谜案,三傻闹地球,萤火奇兵2：小虫不好惹,雪人奇缘,小巷管家,宠物联盟,开国大典,道具师",010-68575080-888
恒华国际影城（顺义店）,顺义区牛栏山镇恒华西街2号院3号楼5层,"小巷管家,少年的你,终结者：黑暗命运,航海王：狂热行动,催眠·裁决,中国机长,沉睡魔咒2,天气之子,受益人,双子杀手,天作谜案",010-60440260
完美世界影城（北京西直门凯德mall店）,西城区西直门外大街1号西区商业凯德mall商城5层41号,"少年的你,沉睡魔咒2,中国机长,催眠·裁决,双子杀手,天作谜案,终结者：黑暗命运,我和我的祖国,攀登者",010-58302550
寰映影城（合生汇店）,朝阳区西大望路甲22号院1号楼商业部分5层11/12号,"少年的你,中国机长,双子杀手,沉睡魔咒2,我和我的祖国,三傻闹地球,航海王：狂热行动",18601933210
米珈尼汽车影院,怀柔区雁水路3号（雁栖湖景区正门停车场内）,"沉睡魔咒2,双子杀手,航海王：狂热行动,少年的你,天气之子",400-100-6939
米珈尼有渔影城,怀柔区南大街3号1幢101,"少年的你,中国机长,我和我的祖国,航海王：狂热行动,催眠·裁决,沉睡魔咒2,天作谜案,太阳升起的时刻,天气之子,我的拳王男友,小巷管家",010-69681660
环球国际影城（怀柔店）,怀柔区开放路泉河园二区乙二号楼一层环球国际影城（下元市场北150米）,"少年的你,航海王：狂热行动,沉睡魔咒2,我和我的祖国,中国机长,催眠·裁决,小巷管家,悠然见南山,攀登者,双子杀手",010-69622766
沙河镇中影智信影城,昌平区奇点中心（北京市昌平区能源东路1号）,"少年的你,我和我的祖国,终结者：黑暗命运,天气之子,催眠·裁决,攀登者,中国机长,沉睡魔咒2,悠然见南山,道具师",010-60776292
瑞嘉影城,密云区鼓楼南大街10号瑞嘉商场4层,"少年的你,中国机长,天气之子,沉睡魔咒2,催眠·裁决,航海王：狂热行动,攀登者,我和我的祖国,受益人",010-61090321
深影国际影城（学院南路店）,海淀区学院南路50号哇沃生活广场3楼,"少年的你,沉睡魔咒2,天气之子,催眠·裁决,终结者：黑暗命运,中国机长,我和我的祖国,双子杀手,天作谜案,受益人,决胜时刻,攀登者,航海王：狂热行动,小巷管家",010-53979668
泰禾影城（马家堡店）,丰台区角门19号新荟城购物中心4层泰禾影城马家堡店,"少年的你,沉睡魔咒2,终结者：黑暗命运,天气之子,受益人,中国机长,我和我的祖国,双子杀手,催眠·裁决,天作谜案,决胜时刻,攀登者",010-87587970
米瑞酷国际影城（平谷店）,平谷区平谷大街电视塔环岛东北角,"少年的你,沉睡魔咒2,天气之子,终结者：黑暗命运,中国机长,催眠·裁决,航海王：狂热行动,我和我的祖国,双子杀手,受益人",010-56866788
沃美启泰影城（世界城店）,朝阳区金汇路101幢中骏世界城E座B1层,"少年的你,沉睡魔咒2,双子杀手,天气之子,受益人,催眠·裁决,航海王：狂热行动,古田军号,犯罪现场,开国大典,中国机长,急速逃脱,道具师,六欲天",010-80699201
耀莱成龙影城（丽泽桥店）,丰台区西三环南路甲27号居然之家5层,"少年的你,双子杀手,天气之子,受益人,沉睡魔咒2,中国机长,攀登者,航海王：狂热行动,催眠·裁决,我和我的祖国,天作谜案,太阳升起的时刻,小巷管家,决胜时刻",010-83733877
耀莱私影（华贸店）,朝阳区建国路89号18号楼L02内,"少年的你,双子杀手,中国机长,犯罪现场,催眠·裁决,天气之子,受益人,航海王：狂热行动,沉睡魔咒2",010-65331215
莱纳龙域影城,昌平区龙域中街1号院1号楼昌发展万科广场5层,"少年的你,中国机长,天气之子,沉睡魔咒2,双子杀手,航海王：狂热行动,我和我的祖国,攀登者,催眠·裁决,天作谜案,终结者：黑暗命运,雪人奇缘,犯罪现场",010-62905670
耀莱成龙影城（花乡店）,丰台区南四环西路76号北京花乡奥莱村第十三号楼三层四层,"少年的你,沉睡魔咒2,天气之子,受益人,中国机长,航海王：狂热行动,双子杀手,催眠·裁决,我和我的祖国,太阳升起的时刻,攀登者,小巷管家",010-83711556
苏宁影城（慈云寺店）,朝阳区慈云寺北里118号楼负一层,"少年的你,中国机长,终结者：黑暗命运,双子杀手,沉睡魔咒2,天气之子,我和我的祖国,催眠·裁决,受益人,航海王：狂热行动,天作谜案,三傻闹地球,六欲天,犯罪现场,小巷管家,旺扎的雨靴",010-57303316
金逸影城（新都店）,海淀区西三旗建材城中路6号新都购物广场1层,"少年的你,中国机长,终结者：黑暗命运,攀登者,沉睡魔咒2,我和我的祖国,双子杀手,催眠·裁决,天气之子,开国大典,太阳升起的时刻,犯罪现场,小巷管家",010-82936951/82936952
耀莱成龙影城（房山天街店）,房山区政通南路2号院1号楼龙湖房山天街五层,"少年的你,沉睡魔咒2,双子杀手,天气之子,我和我的祖国,航海王：狂热行动,中国机长,小巷管家,六欲天",010-89353500/010-89368070
新华国际影城（房山店）,房山区良乡北关西路14号华冠购物中心五层（良乡医院对面）,"少年的你,我和我的祖国,天气之子,中国机长,沉睡魔咒2,航海王：狂热行动,天作谜案,小巷管家,受益人,攀登者,开国大典,催眠·裁决,三傻闹地球",010-69351155
完美世界影城（17.5管庄店）,朝阳区朝阳路京通苑30号楼L307PLus365购物中心三层,"少年的你,中国机长,我和我的祖国,终结者：黑暗命运,天气之子,沉睡魔咒2,催眠·裁决,航海王：狂热行动,双子杀手,天作谜案,小巷管家",010-85377718
紫光影城（蓝岛店）,朝阳区朝外大街8号（蓝岛大厦西区5-6层）,"小巷管家,少年的你,决胜时刻,中国机长,我和我的祖国,沉睡魔咒2,双子杀手,催眠·裁决,终结者：黑暗命运,天作谜案,攀登者,航海王：狂热行动,太阳升起的时刻,古田军号,风雨同仁堂",010-65992922
劲松电影院,朝阳区劲松中街404号,"少年的你,小巷管家,中国机长,我和我的祖国,决胜时刻,沉睡魔咒2,双子杀手,攀登者,催眠·裁决,天作谜案,终结者：黑暗命运,风雨同仁堂",010-67709306
万达影城（槐房店）,丰台区槐房南路6号院万达广场4层,"少年的你,中国机长,沉睡魔咒2,双子杀手,我和我的祖国,催眠·裁决,攀登者,犯罪现场,航海王：狂热行动,天作谜案",18513556700
完美世界影城（17.5四道口店）,海淀区大钟寺四道口2号京果商厦B座三层北侧,"少年的你,沉睡魔咒2,终结者：黑暗命运,天气之子,中国机长,催眠·裁决,开国大典,犯罪现场,双子杀手,小巷管家",010-62118930/010-62115539
大地影院（昌平菓岭假日店）,昌平区昌崔路203号果岭假日广场四楼,"少年的你,小巷管家,终结者：黑暗命运,天气之子,中国机长,沉睡魔咒2,催眠·裁决,决胜时刻,我和我的祖国,航海王：狂热行动,双子杀手,三傻闹地球,道具师",010-50953070/010-50953065
鲁信影城（立水桥店）,朝阳区立清路明天第一城7号院，蓝黛时空汇内,"少年的你,中国机长,终结者：黑暗命运,天气之子,沉睡魔咒2,航海王：狂热行动,双子杀手,我和我的祖国,攀登者",010-84671861
密云大剧院,密云区鼓楼西大街1号,"小巷管家,决胜时刻,我和我的祖国",010-69041575
SFC上影影城（北京大兴龙湖IMAX店）,大兴区永兴路7号院1号楼3F-Z2,"少年的你,攀登者,终结者：黑暗命运,天气之子,受益人,沉睡魔咒2,催眠·裁决,小巷管家,太阳升起的时刻,悠然见南山,中国机长,我和我的祖国,决胜时刻",010-60279357
怀柔区电影院,怀柔区富乐大街8号,,010-89681640
中国电影资料馆,海淀区文慧园路3号（北京师范大学、枫蓝国际、积水潭桥、第二炮兵总医院）,,010-62254422
曙光影院,朝阳区垡头西里44号垡头文化中心B1（近垡头市场）,,010-87151293
DMG国际影城（悦秀店）,丰台区开阳路8号悦秀城6层,,010-63580090
明星时代影城（梦秀店）,朝阳区望京西路41号梦秀商场6层,"少年的你,沉睡魔咒2,终结者：黑暗命运,中国机长,催眠·裁决,天气之子,航海王：狂热行动",010-64725856
华谊兄弟电影汇,朝阳区新源南路甲2号华谊兄弟办公楼首层,"少年的你,催眠·裁决,中国机长,双子杀手,沉睡魔咒2,犯罪现场,航海王：狂热行动,终结者：黑暗命运",010-65858855
星美国际影商城（西红门店）,大兴区西红门镇京良路10号乐家购物中心B区3层,,010-80258288
剧空间剧场,西城区新街口北大街74号（近北京科学教育电影制片厂院内）,,18622858919
古城电影院,石景山区古城南路15号,,010-68874790
三克影院（三里屯盈科店）,朝阳区工人体育场北路盈科中心B座1层,,010-65392868
北京站电影院,东城区毛家湾胡同甲13号站西侧3层,,010-51834309
DMG国际影城（良乡店）,房山区拱辰南大街瑞城广场7F,,010-69388300
唐阁影城（京荟店）,丰台区小屯村梅市口路北侧133号京荟广场B座301房间,,18801070830
华联影院（上地店）,海淀区上地南口华联商厦4F（近上地南口）,,010-62961669
幸福蓝海国际影城（北京公益桥店）,丰台区角门路19号院2号楼华冠天地4层（原大万广场）,,010-67500828
新华国际影城（大兴店）,大兴区黄村东大街火神庙国际商业中心E座5层,,010-81297050/81297109
北京青年宫,西城区西直门南小街68号,,010-66152241
星美国际影商城（世界城店）,朝阳区金汇路8号世界城E座B1楼（世贸天阶商业街北侧）,,010-85907677
玫瑰之约汽车影院（半壁店）,大兴区东大路多维创新园内,,010-89266861
星典影城（大兴店）,大兴区纪百户街18号东盛明发广场5层,,15810446371
